item,name,positionItem,position,start,end,psid
Q100786539,Teresa Efua Asangono,Q28555503,,1999-07-22,2004-06-15,Q100786539-5E9AC96C-0692-4649-A6B6-0AA41042456D
Q108426370,Miguel Oyono Ndong Mifumu,Q112162701,Vice-Prime Minister,1999-07-22,2001-02-26,Q108426370-B6E23585-A27E-4F16-B124-404F13AB9CFF
Q108426370,Miguel Oyono Ndong Mifumu,Q111021197,Minister of Agriculture,2012-05-22,2013-09-04,Q108426370-B81F56D0-09CD-4A2C-AB82-0B7D37624819
Q112054486,Diosdado Vicente Nsue Milang,Q111020058,Health Minister of Equatorial Guinea,2013-09-04,2016-06-24,Q112054486-BB9CD7DF-D0F1-41EC-9702-F0F5B81BE787
Q112128467,Jesusa Obono Engono,Q28555503,,2004-06-15,2006-08-22,Q112128467-11ADEB67-FD27-4A8A-86A2-693DBA9DE5A5
Q112128482,Hilario Sisa Torrez,Q112174406,Finance and Budget,2004-01-01,2006-01-01,Q112128482-91AEB441-9E95-4FB8-9553-EF754E133C3C
Q112128482,Hilario Sisa Torrez,Q112174462,Tourism and Culture,2003-01-01,2004-01-01,Q112128482-EDF091CE-A708-4309-A540-FD8B78AB9AB4
Q112128487,Santiago Ngua Nfumu Eyang,Q111021199,Minister of National Education,1998-01-23,2001-03-09,Q112128487-C31A62B3-125A-4BBD-870E-85B7C1021C30
Q112128490,Marcelino Oyono Ntutumu,Q112162698,Minister of Urban Planning and Infrastructure,2008-07-15,2011-02-19,Q112128490-2A9F7D6A-82AA-4A37-AEA2-CBC2F19B0DBF
Q112128490,Marcelino Oyono Ntutumu,Q112162697,Minister of Transport,1998-01-23,2004-06-15,Q112128490-5C3282DC-34E2-45CB-B6CA-9E2426A77CBB
Q112128490,Marcelino Oyono Ntutumu,Q112162701,Vice-Prime Minister,2004-06-15,2006-08-22,Q112128490-DF8D525C-1B5D-40D8-A9C7-A9AB6855E285
Q112128491,Mauricio Bokung Asumu,Q112162697,Minister of Transport,2011-01-28,2012-05-22,Q112128491-01451C00-34AE-4989-96A9-E595C1ACA08F
Q112128491,Mauricio Bokung Asumu,Q112162665,Minister of Administrative Coordination,2010-01-12,2011-01-28,Q112128491-2D71B1CD-806C-436F-8922-A5B816931189
Q112128491,Mauricio Bokung Asumu,Q111021204,Minister of Labor,2008-07-15,2010-01-12,Q112128491-804CF7F7-0151-4316-85E1-C929B69F670F
Q112128491,Mauricio Bokung Asumu,Q111021203,Minister of Justice,2006-08-22,2008-07-15,Q112128491-EFCAD6CB-EF0A-4614-BA60-9340C08942B8
Q112128507,Atanasio Ela Ntugu Nsa,Q112162677,Minister of Mines,2004-06-15,2008-07-15,Q112128507-2C03F394-2131-467C-B2CE-F4A323E6B61F
Q112128517,Demetrio Elo Ndong Nsefumu,Q112162701,Vice-Prime Minister,2003-02-11,2004-06-15,Q112128517-4225B555-AFE8-44CB-B0B1-747F07BECDFE
Q112128517,Demetrio Elo Ndong Nsefumu,Q112162697,Minister of Transport,2004-06-15,2006-06-15,Q112128517-4D784366-630B-4E85-91FC-8E8F6DA2C89F
Q112128517,Demetrio Elo Ndong Nsefumu,Q111021204,Minister of Labor,2006-06-15,2006-08-22,Q112128517-503D8498-D04D-45F8-A393-C6A896C068C5
Q112128517,Demetrio Elo Ndong Nsefumu,Q112162701,Vice-Prime Minister,2006-08-22,2011-02-19,Q112128517-7EDC2605-E3F6-4662-9DE3-DA84517AF00C
Q112128517,Demetrio Elo Ndong Nsefumu,Q112162701,Vice-Prime Minister,2011-02-19,2012-05-22,Q112128517-E37687C3-B272-470C-B107-7573C12B7A37
Q112128517,Demetrio Elo Ndong Nsefumu,Q112162701,Vice-Prime Minister,1999-07-22,2001-02-26,Q112128517-EEE8E0C7-F580-433F-9449-694B2845277C
Q112128523,Salomon Nguema Obono,Q112174480,Health and Social Welfare,2018-01-01,2020-01-01,Q112128523-0283142E-72AA-47EE-837F-7ED8B031CAB8
Q112128523,Salomón Nguema Owono,Q111020058,Health Minister of Equatorial Guinea,2016-06-24,2019-12-31,Q112128523-098979BA-DA94-4C47-8FE4-ACF8E7C87150
Q112128523,Salomón Nguema Owono,Q112162701,Vice-Prime Minister,2011-01-28,2012-05-22,Q112128523-19F1593A-D639-4F43-9C56-554A169D97E4
Q112128523,Salomón Nguema Owono,Q112162701,Vice-Prime Minister,2008-07-15,2011-01-28,Q112128523-44607A66-782B-437F-A18C-D1050B315366
Q112128524,Cristóbal Meñana Ela,Q112162677,Minister of Mines,1999-07-22,2004-06-15,Q112128524-849FD757-51DB-4F39-8915-43FB39B402CC
Q112128524,Cristóbal Meñana Ela,Q111021199,Minister of National Education,2004-06-15,2008-07-15,Q112128524-D287ACAE-5571-4B0C-8CB9-5853F97E1502
Q112128528,Fidel-Marcos Meñe Ncogo,Q112174445,Energy,2012-01-01,2018-01-01,Q112128528-98B32568-CED8-4D33-AA74-B9894AE9EF4A
Q112128529,Antonio Fernando Nve Ngu,Q111021199,Minister of National Education,2001-03-09,2003-02-11,Q112128529-16CC9293-0918-4129-BC9E-7911947787D8
Q112128529,Antonio Fernando Nve Ngu,Q112162680,Minister of Parliament Relations,1999-07-22,2001-03-09,Q112128529-17BC7481-FAA7-4755-B1E5-193FE929EA12
Q112128529,Antonio Fernando Nve Ngu,Q111021199,Minister of National Education,2003-02-11,2004-06-15,Q112128529-9ED098B5-30A1-4736-881C-6AB423C9EF15
Q112128530,Jaime Ela Ndong,Q111021198,Minister of Commerce,2004-06-15,2008-07-15,Q112128530-FF40D317-5B93-4CB6-9237-56209B75E053
Q112128540,Angel Masie Mibuy,Q112162690,Minister of Relations with Parliament and Legal Affairs of the Government,2006-08-22,2016-06-24,Q112128540-0E8EFD3A-BCEF-4293-AB89-0620F2CEB1F9
Q112128540,Angel Masie Mibuy,Q111021203,Minister of Justice,2004-06-15,2006-08-22,Q112128540-A8C7806D-011D-4BAB-B0B2-011F9EA12B58
Q112128540,Angel Masie Mibuy,Q112162701,Vice-Prime Minister,2016-06-24,2019-12-31,Q112128540-BF7A4BFB-D3CA-4EBF-BFD0-C45DF086A08A
Q112128541,Lucas Nguema Esono Mbang,Q112128225,Minister of Information,1999-07-22,2003-02-11,Q112128541-699B0619-A631-4B09-98F7-4AD724D7E0A9
Q112128541,Lucas Nguema Esono Mbang,Q112162701,Vice-Prime Minister,2013-09-04,2015-04-15,Q112128541-B6E0DE06-5CD4-4228-B634-43BF2C094AE9
Q112128541,Lucas Nguema Esono Mbang,Q112162699,Minister of Youth and Sports,2003-02-11,2004-06-15,Q112128541-CD5664F1-303B-4FD2-9BDD-3DC2D4542C93
Q112128545,Fortunato Ofa Mbo Nchama,Q112162665,Minister of Administrative Coordination,2006-08-22,2008-07-15,Q112128545-1738C33D-4AFC-40E4-9AB4-E66EE7501F3F
Q112128545,Fortunato Ofa Mbo Nchama,Q112162681,Minister of Planning,1999-07-22,2003-02-11,Q112128545-36C0FE7E-E1E9-41BA-959A-6544FC7A7B97
Q112128545,Fortunato Ofa Mbo Nchama,Q112162674,Minister of Fishing,2003-02-11,2006-08-22,Q112128545-E68CBB99-AD00-44B3-A7EA-5CF6DDE8327F
Q112128550,Francisco Mba Olo Bahamonde,Q112162697,Minister of Transport,2012-05-22,2015-04-15,Q112128550-2D72432C-E093-4784-AC07-FB257F9F5117
Q112128550,Francisco Mba Olo Bahamonde,Q111021197,Minister of Agriculture,2015-04-15,2019-12-31,Q112128550-E37E18A8-E3F4-4163-9641-0639D7F85FFB
Q112128550,Francisco Mba Olo Bahamonde,Q112162675,Minister of Forests,2016-06-24,2018-02-06,Q112128550-E4384699-7179-4AFD-8A34-F97B5BB38CB9
Q112128551,Alfonso Nsue Mokuy,Q112162701,Vice-Prime Minister,2015-04-15,2019-12-31,Q112128551-110C1237-E487-4AAC-9D6D-6AD9EAD4FCF7
Q112128551,Alfonso Nsue Mokuy,Q112128225,Minister of Information,2004-06-15,2006-08-22,Q112128551-306B18A5-7606-427F-A424-EB39805CF19A
Q112128551,Alfonso Nsue Mokuy,Q112162701,Vice-Prime Minister,2012-05-22,2015-04-15,Q112128551-70A0597A-41B3-49C1-BD88-B897F8C33FEB
Q112128551,Alfonso Nsue Mokuy,Q112162663,Minister at the Presidency,2006-08-22,2008-07-15,Q112128551-91377ECC-DB9B-4807-8339-EFAC1A5544EA
Q112128556,Aniceto Ebiaca Moete,Q111021198,"Vice-Prime Minister First, in charge of Economy and Finance",2010-01-01,2012-01-01,Q112128556-0F99BF55-64EF-4B55-8740-1A4E2C767104
Q112128556,Aniceto Ebiaka Moete,Q112162701,Vice-Prime Minister,2008-07-15,2012-05-22,Q112128556-7580B35F-CB0B-4043-BFF0-5A15491F191E
Q112128556,Aniceto Ebiaka Moete,Q112162698,Minister of Urban Planning and Infrastructure,2004-06-15,2006-08-22,Q112128556-C5674FE1-BCCD-4300-9A67-3516C8F781C3
Q112128556,Aniceto Ebiaca Muete,Q112162701,"First Vice-Prime Minister, in charge of human rights",2006-08-22,2008-07-15,Q112128556-FE210AE8-8EF7-439C-A636-86EFEC184860
Q112133227,Anastasio Asumu Mum Muñoz,Q112162674,Minister of Fishing,2008-07-15,2012-05-22,Q112133227-6A7529BB-09D9-4D08-ABEC-AC5AA863AD94
Q112133244,Eucario Bakale Angüe,Q112162697,Minister of Transport,2018-02-06,2019-04-10,Q112133244-2D6D5B05-D7DE-4491-A35E-369D581CCEE9
Q112133244,Eucario Bakale Angüe,Q111021198,Minister of Commerce,2015-04-15,2018-02-06,Q112133244-4473C782-411C-45FD-82EC-F5330E78EAD7
Q112133244,Eucario Bakale Angüe,Q112162686,Minister of Public Administration and Administrative Reform,2019-04-10,2019-12-31,Q112133244-92B2A32B-D728-4F04-B03A-1A45E682184F
Q112133245,Eulalia Nvo Bela,Q112162691,Social and Women’s Affairs,2006-08-22,2012-05-22,Q112133245-D57043E0-2BC5-4F01-A797-36BEB94AA04C
Q112133249,Heriberto Meko Mbengono,Q111021204,Minister of Labor,2013-01-30,2016-06-24,Q112133249-1655C849-D72D-4AE3-90BF-26B3F7DDF858
Q112133249,Heriberto Meco Mbengono,Q112174457,National Security,2018-01-01,,Q112133249-878B77DC-07B0-4152-918A-AEAF2C66C64C
Q112133249,Heriberto Miko Mbengono,Q112174454,Labour and Social Security,2012-01-01,2013-01-01,Q112133249-94547390-27E3-415E-9F44-FE45D7349D09
Q112133252,Juan Antonio Bibang Nchuchuma,Q112162673,Minister of External Security,2018-02-06,2019-12-31,Q112133252-4E3D5A71-55EE-4435-94A7-FBBC45970033
Q112133253,Leocadio Ndong Moñung,Q112174452,Interior and Local Corporations,2013-01-01,2018-01-01,Q112133253-07DE490A-A07D-4EDC-AC4C-2056E1F39A72
Q112133253,Leocadio Ndong Moñung,Q112174452,Interior and Local Corporations,2012-01-01,2013-01-01,Q112133253-42093941-CCE4-47B4-B824-430D1A86BE35
Q112133253,Leocadio Ndong Moñung,Q112174413,Interior and Local Corporations,2008-01-01,2010-01-01,Q112133253-668E9977-9E71-4F6E-835D-66B89BB6B36A
Q112133263,Melchor Esono Edjo,Q111021200,Minister of Finance,2010-01-12,2012-05-22,Q112133263-34AE1AD3-BE63-4E53-BA64-7AA08D1745E1
Q112133267,Pedro Ondo Nguema Okomo,Q111021198,Minister of Commerce,2008-07-15,2011-01-28,Q112133267-726F478D-1470-4F7B-AB29-EC6377885F1B
Q112133267,Pedro Ondo Nguema Okomo,Q111021205,Minister of Public Works,2016-06-24,2018-02-06,Q112133267-F2DF3C90-B9CE-4933-9088-3EAA57D3FA4C
Q112133270,Purificación Buhari Lesaquero,Q112174526,Women's Promotion,2004-01-01,2006-01-01,Q112133270-002355F6-F9A8-4380-AE0A-E4DCF83C31E6
Q112133270,Purificacion Buari Lazaquero,Q112174526,Women’s Affairs,2003-01-01,2004-01-01,Q112133270-0BDE73BA-4D3E-4433-8363-A5E3552B3EC4
Q112133270,Purificacion Bohari Lasaguero,Q112162687,Minister of Public Service and Administrative Planning,2012-05-22,2016-06-24,Q112133270-95070DB4-3B16-4ED3-B956-2992DF9A62B6
Q112133279,Tomas Mecheba Fernandez Galllea,Q111020058,Health Minister of Equatorial Guinea,2012-05-22,2013-09-04,Q112133279-03367B47-5C03-49D2-8CA3-628119D40903
Q112133279,Tomas Mecheba Fernandez Galllea,Q112162693,Minister of Tourism,2016-06-24,2018-02-06,Q112133279-C5FEF9E7-7EEF-46C1-963C-B49EC1BFEF65
Q112133279,Tomas Mecheba Fernandez Galllea,Q112162671,Minister of Control and Prevention of HIV - AIDS and Sexually Transmitted Diseases,2013-09-04,2016-06-24,Q112133279-FABF25F3-033C-45CC-BB4D-68B2D148BDC8
Q112133280,Vicente Rodriguez Siosa,Q112162674,Minister of Fishing,2006-08-22,2008-07-15,Q112133280-03599BA6-D8FF-4D7D-BB43-129184E1091A
Q112133282,Vidal Choni Becoba,Q112162699,Minister of Youth and Sports,1999-07-22,2001-03-09,Q112133282-CE4E2930-17FB-4747-A795-42F6BF1EB8CE
Q112133372,Adoracion Salas Chonco,Q112162674,Minister of Fishing,2018-02-06,2019-12-31,Q112133372-251E9D4E-AF8A-49D4-B04B-1D95553DE25B
Q112133375,Alfredo Mitogo Mitogo,Q111021197,Minister of Agriculture,2013-09-04,2015-04-15,Q112133375-8DEC7601-E7A4-44B3-96C6-FF94179BC529
Q112133375,Alfredo Mitogo Mitogo,Q112162696,Minister of Trade,2015-04-15,2016-06-24,Q112133375-DCC68DFF-2080-448A-93AB-B958F7FE8DA4
Q112133387,Conrado Okenve Ndoho,Q112162681,Minister of Planning,2012-05-22,2013-09-04,Q112133387-81F6B6BF-07D1-42CB-B7F2-8081A5E5A01A
Q112133387,Conrado Okenve Ndoho,Q111021198,Minister of Commerce,2013-09-04,2015-04-15,Q112133387-94EA032F-FCCC-46B0-B344-DC304E010EB3
Q112133389,Consuelo Ondo Nsang,Q112162691,Minister of Social Affairs,2015-04-15,2018-02-06,Q112133389-2E12A328-1E10-44AC-81B1-8DA58A53B065
Q112133405,Francisca Tatchup Belope,Q111021198,"Economy, Commerce and Business Promotion",2011-01-28,2012-05-22,Q112133405-EE512AC8-2335-4AFB-A4DC-B78AE3DC6B69
Q112133412,Hermes Ela Mifumu,Q112162685,Minister of Promotion of Small and Medium Businesses,2016-06-24,2018-02-06,Q112133412-7C46697A-080E-499F-8533-1ECD82B06E00
Q112133418,Jesus Engonga Ndong Eyono,Q111021199,Minister of National Education,2018-02-06,2019-04-10,Q112133418-5B35C31C-D738-49C8-A2CA-FB1F15044B9B
Q112133418,Jesus Engonga Ndong Eyono,Q111021199,Minister of National Education,2015-04-15,2018-02-06,Q112133418-64F86B23-6E6C-41CF-A16F-651A65703CF5
Q112133445,Reinaldo Asu Mangue,Q112174461,"Public Works, Housing and Urbanism",2018-01-01,2020-01-01,Q112133445-A1B0BF7E-AAAD-4F51-A37B-6A18475207BC
Q112133445,Reginaldo Asu Mangue,Q112162694,Minister of Town Planning,2016-06-24,2018-02-06,Q112133445-BAC56A56-408C-43A2-AF2C-78B7146A26C5
Q112133583,Florentino Ncogo Ndong,Q111021205,Minister of Public Works,1999-07-22,2003-02-11,Q112133583-D7719421-96CF-4713-9C59-401203333860
Q112133587,Enrique Mercader Costa,Q111021204,Minister of Labor,2004-06-15,2006-06-15,Q112133587-89C99B9A-5FB3-4259-8699-997ECBACF1A0
Q112133587,Enrique Mercader Costa,Q112162697,Minister of Transport,2006-06-15,2010-01-12,Q112133587-95B38978-E1FF-4D2E-AD6B-962CE13E6CFE
Q112133713,Ma Consuelo Nguema Oyana,Q112162691,Minister of Social Affairs,2018-02-06,2019-12-31,Q112133713-4456E3F2-8250-4676-9E23-B1EB12FF349E
Q112133717,Maria Leonor Epam Biribe,Q112162691,Minister of Social Affairs,2012-05-22,2013-09-04,Q112133717-B20B3344-1560-45FE-955A-1D0AACB182C9
Q112133750,Eugenio Nze Obiang,Q112128225,"Information, Press and Radio",2015-04-15,2020-01-01,Q112133750-3037C8CF-8AE9-434D-91FB-CEF554CB32E0
Q112133772,Cresencio Tamarite Castaño,Q112162674,Minister of Fishing,2012-05-22,2015-04-15,Q112133772-0C89694E-05BC-4E06-8098-AC2BEEE6297D
Q112162550,Cándido Nsue Okomo,Q112162699,Minister of Youth and Sports,2017-06-13,2018-02-06,Q112162550-7453A455-7821-44B4-B190-77EC657F7AD3
Q112162957,Alejandro Bacale Ncogo,Q111021195,Minister of National Defense,2018-02-06,2019-12-31,Q112162957-E3307F37-D9A9-4D4D-A04B-02F2C3590690
Q112162958,Alejandro Evuna Owono Asangono,Q112162678,Minister of Missions,1989-11-25,2019-12-31,Q112162958-BAB1E218-875E-4A06-8C35-76D61E6FA22B
Q112162959,Andrés Jorge Mbomio Nsem Abu,Q112162699,Minister of Youth and Sports,2015-04-15,2017-06-13,Q112162959-CA8D2C19-5CB5-48E6-9A6C-E522B5EDE55D
Q112162961,Anselmo Ondo Eseno,Q111021199,Minister of National Education,2008-07-15,2010-01-12,Q112162961-5708CED3-3610-4306-A958-A25185ABC185
Q112162962,Antonio Martin Ndong Ntutumu,Q111020058,Health Minister of Equatorial Guinea,2006-08-22,2008-07-15,Q112162962-10635021-6575-480B-974E-16E0A000DA0C
Q112162962,Antonio Martin Ndong Ntutumu,Q112162665,Minister of Administrative Coordination,2004-06-15,2006-08-22,Q112162962-1F0F2F11-5844-427B-91AE-4F48DF3884D0
Q112162963,Antonio Nve Nseng,Q112162681,Minister of Planning,2003-02-11,2004-06-15,Q112162963-B0F7391B-22A6-427C-86B4-0247AD4A639F
Q112162965,Antonio Pedro Olivera Boropu,Q112162696,Minister of Trade,2016-06-24,2018-02-06,Q112162965-7505AD3A-3C1A-41B9-BA95-6D907451CC61
Q112162967,Baltasar Engonga Edjo,Q111021198,Minister of Commerce,2001-03-09,2004-06-15,Q112162967-F3275785-DA53-4C09-9A5D-E3F92D93F663
Q112162967,Baltasar Engonga Edjo,Q112162689,Minister of Regional Integration,2006-02-14,2019-12-31,Q112162967-FAE69AB5-B2E5-4F49-AD19-DE8042508A10
Q112162968,Baltasar Esono Oworo Nfono,Q112162700,Minister without Portfolio,2016-06-24,2019-12-31,Q112162968-F860508B-B942-4A71-BF5E-3929929C0608
Q112162969,Braulio Ncogo Abegue,Q112162669,Minister of Civil Cabinet,2008-07-15,2016-06-24,Q112162969-E1BB1BD3-C842-465B-8E9D-E5AF81B12351
Q112162970,Carmelo Modu Acusé Bindang,Q111021201,Minister of Industry & Mines,2003-02-11,2004-06-15,Q112162970-34ED27A9-106D-4FD7-95E2-E803227CC2A7
Q112162970,Carmelo Modu Akuse Bindang,Q112162683,Minister at the presidency of the republic in charge of Political and A,2006-08-22,2008-07-15,Q112162970-37D69F02-F4A8-4764-A0AF-EA4BB875A0BD
Q112162970,Carmelo Modu Acusé Bindang,Q112162681,Minister of Planning,2004-06-15,2006-08-22,Q112162970-41EC59DC-BC7B-4F7F-9133-9C8FB5C9B336
Q112162972,Clemente Engonga Nguema Onguene,Q111021199,"Deputy PM and Minister of Education, Universities and Sports",2019-04-10,,Q112162972-8386F421-2EDA-48E3-83F2-3553AC841159
Q112162972,Clemente Engonga Nguema Onguene,Q111021202,Minister of State in charge of Interior and Local Coporations,2001-03-09,2012-05-22,Q112162972-96091113-3364-429B-9331-4D19F47DC430
Q112162972,Clemente Engonga Nguema Andeme,Q112162701,Vice-Prime Minister,2012-05-22,2019-04-10,Q112162972-A7B26D35-2649-4667-A193-D9379E208877
Q112162973,Constantino Ekong Zue,Q111021201,Minister of Industry & Mines,1999-07-22,2003-02-11,Q112162973-43135058-48E1-4C8A-8B1E-2DD5C72187AC
Q112162976,César Augusto Mba Abogo,Q111021200,Minister of Finance,2019-04-10,2020-08-14,Q112162976-227F5528-6506-4D33-B0F5-965928D5D372
Q112162976,César Augusto Mba Abogo,Q111021200,Minister of Finance,2020-08-18,,Q112162976-776b6a02-4dc4-83b2-5c0d-c7f32affd205
Q112162977,Diosdado Nsue Medja,Q111021205,Minister of Public Works,2018-02-06,2019-12-31,Q112162977-E7B85A43-DFD1-4831-885B-93174E6705F4
Q112162980,Estanislao Don Malavo,Q111021204,Minister of Labor,2010-01-12,2012-05-22,Q112162980-144FE27E-5108-4A73-A788-D9404195398C
Q112162980,Estanislao Don Malavo,Q112162674,Minister of Fishing,2015-04-15,2016-06-24,Q112162980-4A436AE3-8DD9-4F9F-8B84-4CFCEA68DF78
Q112162980,Estanislao Don Malavo,Q111021200,Minister of Finance,2008-07-15,2010-01-12,Q112162980-4C4A0800-A6CB-4DE4-9364-C9D704090585
Q112162980,Estanislao Don Malavo,Q112162674,Minister of Fishing,2016-06-24,2018-02-06,Q112162980-A7CE4BF6-701F-44EE-8690-F237BC5F4DD1
Q112162981,Eugenio Edu Ndong,Q111021201,Minister of Industry & Mines,2016-06-24,2018-02-06,Q112162981-E823FD3D-4E7F-43FF-8EE5-AE8E9F1A5094
Q112162982,Faustino Ndong Esono Eyang,Q112162700,Minister without Portfolio,2013-09-04,2016-06-24,Q112162982-3C57A2E3-6C33-4263-9ED1-20ED7C6CCD73
Q112162982,Faustino Ndong Esono Eyang,Q112162686,Minister of Public Administration and Administrative Reform,2016-06-24,2019-04-10,Q112162982-9FB84281-E016-49D3-8FD6-03FA7959E211
Q112162982,Faustino Ndong Esono Eyang,Q111021202,Minister of Interior,2019-04-10,2019-12-31,Q112162982-E1A9578E-36F2-47B1-A0E7-DFF606DA8D39
Q112162983,Fernando Mabale Mba,Q112162670,Civil Service and Administrative Reforms,1998-01-23,2001-03-09,Q112162983-A477E24F-7D68-4A16-9621-E235D1B17AD2
Q112162984,Miguel Nsue Micha,Q112162698,Infrastructure and Urban Development,2006-08-22,2008-07-15,Q112162984-D4791657-D953-469F-A3D4-02BDC15439CD
Q112162986,Francisco Javier Ngomo Mbengono,Q111021203,Minister of Justice,2011-01-28,2013-09-04,Q112162986-266746C9-8C17-4CDB-9CA9-3482153A81A3
Q112162987,Gregorio Boho Camo,Q111021197,Minister of Agriculture,2001-03-09,2003-02-11,Q112162987-6E022882-43E0-4A9B-8C64-5B6390AE7D68
Q112162989,Jeremias Ondo Ngomo,Q112162701,Vice-Prime Minister,2003-02-11,2004-06-15,Q112162989-571D17C1-6772-4EB0-A495-6B43A0A0DD16
Q112162990,Joaquín Mbana Nchama,Q111021199,Minister of National Education,2011-01-28,2012-05-22,Q112162990-909D4DA4-52AA-4F86-93D8-1F36E7DA3E52
Q112162991,José Ela Oyana,Q112162681,Minister of Planning,2006-08-22,2012-05-22,Q112162991-AC751B1B-8F23-4F34-95E2-569A592550C6
Q112162993,Juan Antonio Ntutumu,Q112162699,Minister of Youth and Sports,2001-03-09,2003-02-11,Q112162993-62A82668-CF0B-4F7D-B2C0-0FD1C4A0FCD9
Q112162993,Juan Antonio Ntutumu,Q111020058,Health Minister of Equatorial Guinea,1999-07-22,2001-03-09,Q112162993-E1B181E9-6DA1-4751-B75D-FB14B879BD5A
Q112162994,Juan Nko Mbula,Q112162698,Minister of Urban Planning and Infrastructure,2012-05-22,2016-06-24,Q112162994-F057A542-6980-4D5F-AC5D-A16AB0BB9A7C
Q112162995,Justino Obama Nve,Q111020058,Health Minister of Equatorial Guinea,2003-02-11,2006-08-22,Q112162995-47773E91-454E-4B35-A6E0-292BD3BA0242
Q112162996,Leandro Micó Angué,Q112162668,Civil Aviation,2018-02-06,2019-12-31,Q112162996-CCCE1B4E-246F-47F7-BC52-CB9C47C057A0
Q112162997,Manuel Nguema Mba,Q112162679,Minister of National Security,2004-06-15,2009-02-24,Q112162997-AB760487-0456-46DD-9706-586E9B671FA5
Q112162998,Maria del Carmen Ekoro,Q111021199,Minister of National Education,2012-05-22,2013-09-04,Q112162998-05F4E109-E32E-4F01-9F2E-B11561B1D19C
Q112162998,Maria del Carmen Ekoro,Q112162691,Minister of Social Affairs,2013-09-04,2015-04-15,Q112162998-995567CA-C940-441B-893B-F99FC45E9812
Q112163001,Maximiliano Meko Aveme,Q112162692,Minister of Telecommunications and New Technologies,2016-06-24,2018-02-06,Q112163001-49C6664B-2E80-4534-A51F-C836A4540141
Q112163002,Miguel Ekua Ondo,Q111021201,Minister of Industry & Mines,2018-02-06,2019-12-31,Q112163002-1E52253B-2B0A-4F50-84A4-539766E45CF0
Q112163003,Miguel Engonga Obiang Eyang,Q111021200,Minister of Finance,2015-04-15,2018-02-06,Q112163003-1EECD834-F563-442D-A59F-F10BA49EF730
Q112163004,Miguel Eyanga Jobe Malango,Q111021204,Minister of Labor,2003-02-11,2004-06-15,Q112163004-47A01DC6-E7AE-40E2-8683-C33228C5031B
Q112163004,Miguel Eyanga Djoba Malango,Q112174571,Transport and Telecommunications,2004-01-01,2006-01-01,Q112163004-73BA1671-3B65-4DF8-8108-4BBCECA44C26
Q112163007,Nicolas Obama Nchama,Q112162679,Minister of National Security,2009-02-24,2019-12-31,Q112163007-E1DACF6D-23CC-436C-BF46-9522D7A43635
Q112163009,Nicolás Houtonji Acapo,Q111021197,Minister of Agriculture,2018-02-06,2019-12-31,Q112163009-E30AE807-C2F6-4B52-B1AE-6FE26AD995ED
Q112163012,Ruben Mye Nsue,Q111021203,Minister of Justice,1998-01-23,2004-06-15,Q112163012-8AEACCC4-1592-476B-A287-AC871F871CC7
Q112163013,Rufino Ndong Esono Nchama,Q112162672,Minister of Culture,2018-02-06,2019-12-31,Q112163013-3DE63F49-EAFA-41A4-AA0D-EC1A0CF9A3F9
Q112163014,Rufino Owono Engonga,Q112162697,Minister of Transport,2019-04-10,2019-12-31,Q112163014-DEC32AC2-DFE7-42FC-A687-B6965837D9BF
Q112163015,Salvador Mangue Avingono,Q112162687,Minister of Public Service and Administrative Planning,2008-07-15,2010-01-12,Q112163015-060654FC-144C-4840-871C-1455FE5978FF
Q112163015,Salvador Mangue Ayingono,Q112162686,Public Service and Administrative Planning,2008-01-01,2010-01-01,Q112163015-3C4B90C1-2545-4EF4-BDE9-67A851410518
Q112163015,Salvador Mangue Ayingono,Q112174518,Public Function (?) Public Service,2004-01-01,2006-01-01,Q112163015-BAF102AE-5255-4DBB-B720-D2ED735C7902
Q112163016,Salvador Ondo Nkumu,Q111021203,Minister of Justice,2018-02-06,2020-01-17,Q112163016-58906551-4104-48CB-B80B-E3C75FD89EFC
Q112163016,Salvador Ondo Nkumu,Q111021203,Minister of Justice,2008-07-15,2011-01-28,Q112163016-B87BABCB-4C16-475B-90A1-55A7DB78DE75
Q112163017,Teobaldo Nchaso Matomba,Q112128225,Minister of Information,2013-09-04,2015-04-15,Q112163017-FCB036B4-3F91-4738-A1D3-16712B0CCFBE
Q112163018,Tomas Esono Ava,Q112162700,Minister without Portfolio,2012-05-22,2013-09-04,Q112163018-7587161F-2C81-4056-94C4-A5621EC5B643
Q112163018,Tomas Esono Ava,Q112162687,Minister of Public Service and Administrative Planning,2010-01-12,2012-05-22,Q112163018-CC8A3675-B134-4987-9C49-3EA847FABF69
Q112163019,Vicente Eya Olomo,Q111021195,Minister of National Defense,2016-06-24,2017-05-30,Q112163019-55043C72-7649-4645-A5A8-146E4E7969D5
Q112163021,Víctor Grange Meile,Q111021197,Minister of Agriculture,2016-06-24,2018-02-06,Q112163021-F139DDF4-D4B1-49D8-9BFE-B3B2DD931A17
Q112163023,Ángel Borico Moisés,Q111021204,Minister of Labor,2016-06-24,2018-02-06,Q112163023-412CC50E-08A7-48C3-A758-19422B79B59B
Q112175129,Agapito Edu Ndong,Q112174418,Mines and Hydrocarbons,2018-01-01,2020-01-01,Q112175129-06F37386-E9F3-4D63-82AE-165800A539C0
Q112175131,Alberto Doria Lajay,Q112174463,Trade and the Promotion of Small and Medium-sized Businesses,2020-01-01,,Q112175131-0344640D-5849-4677-A5D1-D793C1BEB089
Q112175131,Alberto Doria Lajay,Q112174440,Commerce and Promotion of Small and Medium-sized Businesses,2018-01-01,2020-01-01,Q112175131-CB982914-7B98-4FE8-8EED-C921318D2720
Q112175132,Alejandro Micha Nsue,Q112174423,Public Works and Infrastructures,2008-01-01,2010-01-01,Q112175132-5E0CE686-6B42-4F19-AD3D-254C9E7D1798
Q112175133,Andres Ndong Micha,Q112174407,Fisheries and Water Resources,2018-01-01,2020-01-01,Q112175133-89DC7B09-ADA3-48C8-9F9F-0FDE3EB8D1A5
Q112175134,Angel Eyene Avini,Q112174465,University Education and Science,2003-01-01,2004-01-01,Q112175134-7131540A-73E8-488E-A90A-9F6153D823BD
Q112175138,Antonio Obama Ndong,Q112174419,National Defence,2008-01-01,2010-01-01,Q112175138-C92FA3E8-6438-4DF4-BE79-996D5E087891
Q112175139,Armando Dougan Champion,Q112174531,"Vice-Minister to the Presidency of the Republic, Charged with Ceremonies and Translations",2020-01-01,,Q112175139-78213990-BCD8-4E2F-BE84-91A62CF6BAD4
Q112175139,Armando Dougan Champion,Q112174434,"of the Presidency of the Republic, in charge of Ceremonies and Translat",2018-01-01,2020-01-01,Q112175139-C0CAE837-24BB-47DA-9CB9-523129543318
Q112175140,Atalia Modesta Baha Ondo,Q112174412,"Information, Press and Radio",2020-01-01,,Q112175140-EF73AB71-B6FB-47B8-BF98-754FC027D88A
Q112175141,Baltasar Esono Eworo Nfono,Q112174505,Minister General Secretary to the Presidency of the Government,2020-01-01,,Q112175141-0FD2C451-EA13-4C69-B334-21781E4C7203
Q112175141,Baltasar Esono Eworo Fono,Q112174505,Minister Secretary General of the Presidency of the Government,2018-01-01,2020-01-01,Q112175141-3260FD19-2647-4925-9E17-9C53A3CC48D9
Q112175141,Baltasar Esono Eworo Nfono,Q112174460,Public Administration and Administrative Reform,2013-01-01,2018-01-01,Q112175141-93A1AC56-BA45-46AA-9B36-D30386474A9B
Q112175141,Baltasar Esono Eworo Nfono,Q112174422,Public Administration and Administrative Reform,2012-01-01,2013-01-01,Q112175141-DEE8C7C0-4955-4E47-9E82-D07FAE97C232
Q112175144,Basilio Abá,Q112174415,Labour and Social Security,2004-01-01,2006-01-01,Q112175144-1A1D3488-527D-402D-995E-7814EE3B4B76
Q112175145,Bonifacio Mitogo Edjang,Q112174447,Foreign Affairs and Cooperation,2018-01-01,2020-01-01,Q112175145-D3E12D18-F07C-4679-8764-17A5AC6BBE10
Q112175146,Buenaventura Monsuy Asumu,Q112174458,Planning and Economic Development,2003-01-01,2004-01-01,Q112175146-A04A9213-FD4A-4AB5-85C7-5E2E2E11ED86
Q112175148,Candido Ondó Nchama,Q112174402,Culture and Tourism,2013-01-01,2018-01-01,Q112175148-EDBC3052-9BA1-4EA0-AB6E-CBC90ACEF41E
Q112175149,Caridad Besari Borilo,Q112174460,Public Service and Administrative Coordination,2003-01-01,2004-01-01,Q112175149-6D7CD56F-B1CF-42DD-960E-8560DFFBC998
Q112175150,Carlos Ntutumu Nengono,Q112174406,Finance and the Budget,2003-01-01,2004-01-01,Q112175150-61B26A7C-6130-4A70-B69F-C544D6A41A7B
Q112175152,Carmelo Martin Modu Ebuka,Q112174571,Transports,2013-01-01,2018-01-01,Q112175152-3946C749-68F1-4DC1-8468-CACE9357BC4C
Q112175154,Cesar Aguado Hinestrosa Gomez,Q112174410,Industry and Energy,2020-01-01,,Q112175154-EFFFA4D7-A30C-47B5-9A31-C4170A6BA05A
Q112175156,Clemente Ferreiro Villarino,Q111021205,"Public Works, Housing and Town Planning",2020-01-01,,Q112175156-54B74F01-DC15-425E-A445-4E3B0B8D4C69
Q112175158,Francisco Edu Ngua,Q112174519,Security,2004-01-01,2006-01-01,Q112175158-02DFBB2C-CA7D-45C8-91B9-348C52604ED0
Q112175158,Francisco Edu Ngua Mangue,Q112174508,Secretary of State for the National Defence,2001-01-01,2003-01-01,Q112175158-38824236-D585-462A-8AD1-708337C93071
Q112175158,Col Francisco Edu Ngua,Q112174420,National Security,2003-01-01,2004-01-01,Q112175158-6BC033F8-C88F-479D-9844-0D169644695F
Q112175158,Francisco Edu Ngua,Q112174420,National Security,2008-01-01,2010-01-01,Q112175158-EA25B388-DE06-4D23-8400-DCBA5C856A8F
Q112175162,Cándido Ncogo Engono Nchama,Q112174419,National Defence,2020-01-01,,Q112175162-478B326E-865E-4218-8B88-DDC02A3D83A3
Q112175163,Daniel Ncogo Ncogo,Q112174419,National Defence,2012-01-01,2018-01-01,Q112175163-987915C2-F6AC-4E6B-A932-F1B040B0C027
Q112175164,Diosdado-Sergio Osa Mongono,Q112174437,Agriculture and Forests,2012-01-01,2013-01-01,Q112175164-6C805FAB-D5FA-4AF2-8C79-802F1123D144
Q112175165,Domingo Olomo Nve,Q112174398,Agriculture and Forests,2008-01-01,2010-01-01,Q112175165-64CF4456-FD93-49B6-80D4-7DC0477F9E16
Q112175166,Dámaso Mitoha Ondo'O Ayecaba,Q112174409,Health and Social Welfare,2018-01-01,,Q112175166-49791314-9C3B-42C6-AC0F-970919B4EC28
Q112175167,Ela Obiang,Q112162681,"Planning, Economic Development and Public Investment",2006-01-01,2008-01-01,Q112175167-A266B594-710B-4F30-BBA9-4A8C9DB18221
Q112175168,Esperanza Gestrudis Davies Eiso,Q112174424,Social Affairs and Gender Equality,2018-01-01,2020-01-01,Q112175168-2ED58903-B324-4CF1-928C-459FF1C42B74
Q112175173,Florentino Alogo,Q111021205,"Public Works, Housing and Urban Affairs",2001-01-01,2003-01-01,Q112175173-7BEBAE0C-8EA6-4C65-B5D8-37269E9479AF
Q112175178,Francisco Mba Mabale,Q112174511,Energy,2004-01-01,2006-01-01,Q112175178-81AAF37F-23CD-4626-A07B-47ACAF938921
Q112175179,Francisco Obá Bahamonde,Q112174464,Posts and Transports,2011-01-01,2012-01-01,Q112175179-9E8F2AEA-4F5A-455A-AF1A-C5B03B8B6FA7
Q112175180,Gen. Jaime Obama Owono Nchama,Q112174451,Infrastructure and Forests,2003-01-01,2004-01-01,Q112175180-84FAFEAF-9EC4-413D-9CDE-C0B29F67227B
Q112175181,Melanio Ebendeng Nsono,Q112174456,Delegate to the National Defence,2001-01-01,2003-01-01,Q112175181-1A07CB77-5B1C-41F0-997A-5D041E94A8A8
Q112175181,Gen. Melanio Ebendeng Nsomo,Q112174456,National Defence,2003-01-01,2004-01-01,Q112175181-4CD43423-C4B4-472C-A6F9-66C20ED9EBB7
Q112175181,Melanio Ebendeng Nsono,Q112174456,Delegate of National Defence,1999-01-01,2001-01-01,Q112175181-61436869-1360-438C-A680-23CD374DECA3
Q112175182,Gerónimo-Carlos Osa Osa Nzang,Q112174407,Fishing and Water Resources,2020-01-01,,Q112175182-49647A5E-4EF5-47E4-9760-2412C17A019B
Q112175187,Hipólito Ondo Nvo Bela,Q112174571,"Transports, Posts and Telecommunications",2018-01-01,2020-01-01,Q112175187-CD9702B0-BB68-43E9-84CB-4FBDA153E9FF
Q112175188,Honorato Evita Oma,Q112174571,"Transport, the Postal Service and Telecommunications",2020-01-01,,Q112175188-1B4EAAD3-5913-4C90-9F86-4238C92ADF1C
Q112175189,Isidoro Eyi Monsuy Aneme,Q112174571,"Transport, Technology, Posts and Telecommunications",2008-01-01,2010-01-01,Q112175189-02EAF61D-F945-4985-AA6E-183C8E28BECF
Q112175189,Isidoro Eyi Monsuy Andeme,Q112174415,Labour and Social Security,2012-01-01,2013-01-01,Q112175189-889DBF7D-C6B1-4C70-A611-39EB5085C0DE
Q112175189,Isidoro Eyi Monsuy Andeme,Q112174405,Education and Sciences,2013-01-01,2018-01-01,Q112175189-B2356833-FF37-4B6F-A41A-4DD3C129CA9C
Q112175192,Joaquin Elema Borengue,Q112174464,"Transport, Technology, Posts and Telecommunications",2013-01-01,2018-01-01,Q112175192-78A3BDE7-4779-493B-868B-0D181FE0BAE5
Q112175192,Joaquin Elema Borengue,Q112174464,"Transports, Posts and Telecommunications",2018-01-01,2020-01-01,Q112175192-96929F60-4758-4F8C-BB9E-8389C57A4A8E
Q112175192,Joaquin Elema Borengue,Q112174571,Transports,2012-01-01,2013-01-01,Q112175192-B15C11CD-7314-4CAA-8B9D-2B759E4C0122
Q112175193,Jose Angel Boricó Moisés,Q112174522,Trade,2004-01-01,2006-01-01,Q112175193-15546F11-38A9-4E1A-BBE1-6FA6B5DF43EC
Q112175193,José-Angel Borico Moises,Q112174443,"Economy, Commerce and Business Promotion",2012-01-01,2013-01-01,Q112175193-A44FF90D-E10B-42B3-AF74-6BD9F4EA05CB
Q112175193,José-Angel Borico Moises,Q112174454,Labour and Social Security,2013-01-01,2018-01-01,Q112175193-C1DE5751-8290-43EB-AAA7-C251DB71B841
Q112175194,Jose Maria Ondo Oyono,Q112174410,Industry and Energy,2018-01-01,2020-01-01,Q112175194-1EDB0D3F-8E29-4718-9D41-CB437CFC29BC
Q112175195,Jose Mba Obama Bendomo,Q112174402,Culture and Tourism,2012-01-01,2013-01-01,Q112175195-16F56B36-D41A-4B9F-826D-359DF5CF864D
Q112175195,Jose Mba Obama Bendomo,Q112174412,"Information, Press and Radio",2013-01-01,2018-01-01,Q112175195-97EC7754-2850-4E47-BBE7-C9AD5E275B1D
Q112175197,José-Jaime Ondo Ndong,Q112174401,Commerce and Business Promotion,2013-01-01,2018-01-01,Q112175197-0AB3BD78-D0B0-4E60-9213-80B0744E6FC1
Q112175197,José-Jaime Ondo Ndong,Q112174403,"Economy, Commerce and Business Promotion",2012-01-01,2013-01-01,Q112175197-963F7E81-B67E-4476-9EDC-4A7C8E763D36
Q112175199,Juan Obama Mba,Q112174415,Labour and Social Security,2003-01-01,2004-01-01,Q112175199-F9AAE34D-B9D8-4A48-93DE-68F0D30FC4B5
Q112175200,Juan Olo Mba Nseng,Q112174453,"Justice, Worship and Penitentiary Institutions",2018-01-01,,Q112175200-B73308D8-07A0-4979-99FB-ACEEDB345825
Q112175200,Juan Oló Mba Nseng,Q112174453,"Justice, Religion and Penitentiary Services",2012-01-01,2018-01-01,Q112175200-B7372D6B-D088-4AC3-9582-1168E0292F0B
Q112175204,Luciano Esono Bitegue,Q112174399,Civil Aviation,2018-01-01,2020-01-01,Q112175204-3A51BFB5-F961-485A-B3C1-BAA7D6463803
Q112175205,Manuel Asumu Cawan,Q112174432,Youth and Sports,2012-01-01,2013-01-01,Q112175205-7E8CECAD-A873-45F1-85E8-93BF8FB43C34
Q112175205,Manuel Sabino Asumu Cawan,Q112174432,Youth and Sports,2013-01-01,2018-01-01,Q112175205-A74FCDAA-3C67-492F-950C-6EEB0899613F
Q112175206,Manuel Cristóbal Morgades Ichaca,Q112174431,"Work, Employment Promotion and Social Security",2020-01-01,,Q112175206-586E21EC-E6AC-4D62-AB7E-13E75A899E50
Q112175206,Manuel Cristobal Morgades Ichaka,Q112174415,"Labour, Promotion of Employment and Social Security",2018-01-01,2020-01-01,Q112175206-9E2D4D0F-8F3F-4306-906D-83D7C64C0AD5
Q112175210,Manuela Roca Botey,Q112174444,"Education, University Teaching and Sports",2020-01-01,,Q112175210-5AC3B06E-ADB5-4E56-AFE2-69DBFBF31934
Q112175211,Maria Jesus Ncara Owono,Q112174405,"Education, University and Sports",2018-01-01,2020-01-01,Q112175211-74037920-6822-40E4-AAB9-555F05010FF9
Q112175213,Maria Vida Asue Ndong,Q112174409,Health and Social Welfare,2008-01-01,2010-01-01,Q112175213-47FA257C-458A-4EFA-9595-A7134BCE1B27
Q112175214,Martin Crisantos Esono Edjo,Q112174421,"Planning, Economic Development and Public Investment",2008-01-01,2010-01-01,Q112175214-EA2B04CA-FFCC-4C45-B553-7AB1EFF4640C
Q112175215,Martin Ndong Nsue,Q112174414,"Justice, Religion and Penitentiary Services",2008-01-01,2010-01-01,Q112175215-D7CD7D69-3704-41BB-8EDC-859C8C6351C6
Q112175219,Melchor Ekua Ondó,Q112174507,Secretary of State for the Energy,2001-01-01,2003-01-01,Q112175219-D6A8C519-435A-4A28-9CD1-B4A9B718E252
Q112175222,Miguel Esono Mansogo,Q112174405,"Education, Science and Sports",2008-01-01,2010-01-01,Q112175222-E8B68251-A27C-40DB-A53B-B4EB205C5731
Q112175225,Miguel Obiang Abeso,Q112174409,Health and Social Welfare,2012-01-01,2013-01-01,Q112175225-2EF421B5-84CA-42FE-B724-F075F4DB1AF4
Q112175225,Miguel Obiang Abeso,Q112174448,Health and Social Welfare,2013-01-01,2018-01-01,Q112175225-E0A0074B-64AB-48F5-A11B-DC950F4DA7C7
Q112175226,Montserrat Afang Ondo,Q112174446,"Finance, Economy and Planning",2018-01-01,2020-01-01,Q112175226-288BC7EC-BADE-4151-985C-A00E4E225D43
Q112175226,Montserrat Afang Ondo,Q112174446,"Finance, Taxes and Contributions",2012-01-01,2013-01-01,Q112175226-FECC3EEE-6379-46CF-AF80-84ED0307C92A
Q112175227,Norborto-Bartolomé Mensuy Mañe Andeme,Q112162668,Civil Aviation,2020-01-01,,Q112175227-819D73F1-1AFD-4543-9E9C-61959A753412
Q112175228,Pascual Ondo Nse Oyana,Q112174423,"Public Works, Housing and Town Planning",2020-01-01,,Q112175228-0767293C-76DA-4A78-8077-B58B0F390193
Q112175229,Pedro Abaga Esono,Q112174409,Health,2004-01-01,2006-01-01,Q112175229-DB44FDF8-4923-46E3-A9C5-AA6045CE0E15
Q112175230,Pedro Ela Nguema Buna,Q112174447,Foreign Affairs and Cooperation,2012-01-01,2013-01-01,Q112175230-33E60D20-1921-4402-86AE-EA9C5EE7CDAD
Q112175230,Pedro Ela Nguema Buna,Q112174447,Foreign Affairs and Cooperation,2013-01-01,2018-01-01,Q112175230-3A6D436C-8761-452E-88B5-F803AB269500
Q112175231,Pedro Nguema Ndong,Q112174408,Foreign Affairs and Cooperation,2020-01-01,,Q112175231-2D4F3AB7-A7AC-4539-B7FC-27BB981B8A7A
Q112175234,Purificación Opo Barila,Q112174412,"Information, Culture and Tourism",2008-01-01,2010-01-01,Q112175234-0806EF9F-2A2B-4D5C-88E2-630C80AAD2E9
Q112175234,Purificación Opo Barila,Q112174515,Information,2004-01-01,2006-01-01,Q112175234-3E539B08-DA58-4EFF-AEA8-053B7C26C5BA
Q112175234,Purificación Opo Barila,Q112174402,"Information, Culture and Tourism",2008-01-01,2010-01-01,Q112175234-87657E28-1062-42A4-B4C2-203C435DA860
Q112175236,Rufino Ovono Ondo,Q112162697,"Transport, the Postal Service and Telecommunications",2020-01-01,,Q112175236-70E5DCEA-3E2D-4D82-B9AF-24E2B7913D8D
Q112175240,Santiago Francisco Engonga Esono,Q112174398,"Agriculture, Livestock, Forests and the Environment",2020-01-01,,Q112175240-30C7380F-6E7E-4951-9021-7B10A6DFDC51
Q112175241,Santiago Mba Eneme Nsuga,Q112174418,Mines and Hydrocarbons,2020-01-01,,Q112175241-F7E325FF-F8E3-485E-9BFD-3084CFA39D45
Q112175242,Santiago Nsobeya Barreiros,Q112174422,Public Administration and Administrative Reform,2020-01-01,,Q112175242-697873CE-7322-492D-AE0F-E4F1728EB53D
Q112175242,Santiago Nsobeya Barreiros,Q112174422,Public Administration and Administrative Reform,2018-01-01,2020-01-01,Q112175242-A9189292-14F9-4366-B23D-BA6C0CCF12F4
Q112175243,Santiago Ondo Esono Asangono,Q112174444,Education and Sciences,2012-01-01,2013-01-01,Q112175243-A8FCA952-A362-4543-BB2A-932C1E496CE9
Q112175244,Secundino Oyono Awong Ada,Q112174453,Justice and Religion,2003-01-01,2004-01-01,Q112175244-8644AF7D-1C06-4A29-A06A-E2FBC0CF7239
Q112175244,Secundino Oyono Awong Ada,Q112174454,Delegate to Labour and Social Security,2001-01-01,2003-01-01,Q112175244-AF8B6A0F-BEB5-4A72-84B2-DEB6EB3FA1D4
Q112175246,Valentin Ela Maye,Q112174446,"Finance, the Economy and Planning",2020-01-01,,Q112175246-036FBBE7-8A5F-4630-B727-5182F6F9F5CC
Q112175246,Valentin Ela Maye,Q112174406,"Finance, Economy and Planning",2018-01-01,2020-01-01,Q112175246-4D8CA90D-51FA-4773-A800-D3344780F52C
Q112175246,Valentin Ela Maye,Q112174403,"Economy, Planning and Public Investment",2013-01-01,2018-01-01,Q112175246-5CA4BFD8-9EF1-41CB-8895-F771427279E1
Q112175246,Valentin Ela Maye,Q112174421,"Planning, Economic Development and Public Investment",2012-01-01,2013-01-01,Q112175246-ACADE7CF-B1B4-410C-8996-0E0BD25343A1
Q112175247,Vicente Martinez Siosá,Q112174407,Fisheries and Envirnment,2004-01-01,2006-01-01,Q112175247-3EF79C6C-1F94-4BBD-8644-3A14B62BB97F
Q112175248,Victor Sima Oyana,Q112174409,Health and Social Welfare,2013-01-01,2018-01-01,Q112175248-08492AA6-EA26-46CD-B741-F2DDC71ADE0E
Q112175249,Virgilio Seriche Riloha,Q112128225,"Information, Press and Radio",2020-01-01,,Q112175249-1531B5D4-8795-4937-AFB6-6D99055358E4
Q112175249,Virgilio Seriche Riloha,Q112174412,"Information, Press and Radio",2018-01-01,2020-01-01,Q112175249-790927B6-B3FF-4135-B943-AA99BD3112EF
Q1149802,Cándido Muatetema Rivas,Q2351213,Prime Minister of Equatorial Guinea,2001-03-04,2004-06-14,Q1149802-0CC941E6-8861-42F8-9DDF-FC63825DE5D1
Q1353126,Miguel Abia Biteo Boricó,Q112162680,Minister of Parliament Relations,2001-03-09,2004-06-15,Q1353126-1B123CA2-F340-485E-9F31-33447F6AE486
Q1353126,Miguel Abia Biteo Boricó,Q111021198,Minister of Commerce,1999-07-22,2001-03-09,Q1353126-688AD044-0FFD-444F-9A6C-B90DF3D3DA7F
Q1353126,Miguel Abia Biteo Boricó,Q111021204,Minister of Labor,2012-05-22,2012-12-06,Q1353126-B969D4E6-6360-41F6-B4D5-1D59E15B4BC0
Q1353126,Miguel Abia Biteo Boricó,Q2351213,Prime Minister of Equatorial Guinea,2004-06-14,2006-08-14,Q1353126-D61B3587-5B21-43E3-BBBB-87FE756361E0
Q1353126,Miguel Abia Biteo Boriko,Q112174490,Parliamentary Relations and Juridical Affairs,2003-01-01,2004-01-01,Q1353126-E86190C4-04CD-4600-9325-C56BE16FD3CB
Q17198388,Santiago Nchama,Q112128225,Minister of Information,2006-01-01,2008-01-01,Q17198388-129a54bd-4b93-b34d-c6cd-cefed4d98968
Q17198388,Santiago Nchama,Q111021196,Minister of Foreign Affairs,1999-07-22,2001-03-09,Q17198388-4D5EEAD6-6E3A-4228-8C9E-750F46774085
Q17198388,Santiago Nchama,Q111021196,Minister of Foreign Affairs,2001-03-09,2003-02-11,Q17198388-7A0E128F-BD80-49A4-9724-470A33AB3724
Q17711819,Lucas Abaga Nchama,Q111021200,Minister of Finance,2018-02-06,2019-04-10,Q17711819-6C3313FC-E44E-43B1-9E31-E03900B68136
Q2201806,Vicente Ehate Tomi,Q112162670,Minister of Civil Service and Administrative Reform,2006-08-22,2008-07-15,Q2201806-3C247ED7-471D-4C4E-8E69-4A462EF69112
Q2201806,Vicente Ehate Tomi,Q112162697,Minister of Transport,2010-01-12,2011-01-28,Q2201806-5BB28729-D773-421C-B05F-95F601A973C1
Q2201806,Vicente Ehate Tomi,Q2351213,Prime Minister of Equatorial Guinea,2012-05-21,2016-06-22,Q2201806-64188B02-419B-4044-8F48-0C667C5F9CE9
Q2201806,Vicente Ehate Tomi,Q112162665,Minister of Administrative Coordination,2011-01-28,2012-05-22,Q2201806-9CB107B1-CD99-493F-8F4C-C5FEE089ECBB
Q2201806,Vicente Ehate Tomi,Q112162665,Minister of Administrative Coordination,2008-07-15,2010-01-12,Q2201806-D9270733-A2A2-4A8F-AF94-896C971CE346
Q24574730,Agapito Mba Mokuy,Q111021196,Minister of Foreign Affairs,2012-05-22,2018-02-06,Q24574730-345FCFED-1ABE-412A-8813-D36798C3E3FD
Q24685671,Guillermina Mekuy,Q112162672,Minister of Culture,2016-06-24,2018-02-06,Q24685671-6B3EDE6F-FBC4-4D15-8671-6A44EE45B2C8
Q24685671,Guillermina Mokuy Mba Obono,Q112174442,Culture and Tourism,2012-01-01,2018-01-01,Q24685671-72169441-42BE-4C56-8989-3531770AB234
Q24761111,Francisco Pascual Obama Asue,Q111021197,Minister of Agriculture,2003-02-11,2004-06-15,Q24761111-10CA8F9E-582B-4887-8E0F-B4111D1AD4D3
Q24761111,Francisco Pascual Obama Asue,Q112162699,Minister of Youth and Sports,2012-05-22,2015-04-15,Q24761111-17B22201-3C22-4F65-9F93-B6ADD3062BDF
Q24761111,Francisco Pascual Obama Asue,Q112162701,Vice-Prime Minister,2015-04-15,2016-06-24,Q24761111-238C143C-43A6-4B42-AE12-8F3A6B32A77A
Q24761111,Francisco Pascual Obama Asue,Q111020058,Health Minister of Equatorial Guinea,2008-07-15,2011-01-28,Q24761111-F37352F6-724E-4B2B-AEFB-B86060BF7863
Q24761111,Francisco Pascual Obama Asue,Q2351213,Prime Minister of Equatorial Guinea,2016-06-22,,Q24761111-bcace455-4919-84b0-9b54-ac7de8dbcde2
Q251902,Ángel Serafín Seriche Dougan,Q2351213,Prime Minister of Equatorial Guinea,1996-04-11,2001-03-04,Q251902-A76F2E48-A8E6-4FE9-AD3D-EA86A084A4ED
Q29122413,Marcelino Owono Edu,Q112162667,Minister of Budget,2003-02-11,2004-06-15,Q29122413-570A4763-0FEA-466B-AE5B-FC3EC5E0FBEC
Q29122413,Marcelino Owono Edu,Q112162677,Minister of Mines,2008-07-15,2012-05-22,Q29122413-C3A3C272-0E2D-4B66-B8EB-685C4619EEAE
Q29122413,Marcelino Owono Edu,Q111021200,Minister of Finance,2004-06-15,2008-07-15,Q29122413-E51920E3-EFD0-4C31-B646-CFAD6B36450B
Q29122413,Marcelino Owono Edu,Q111021200,Minister of Finance,2012-05-22,2015-04-15,Q29122413-F9EFC184-4B91-4EB7-AE2C-FB3FBD1AF096
Q3177434,Jeronimo Osa Osa Ecoro,Q112128225,Minister of Information,2008-07-15,2012-05-22,Q3177434-D271BD7F-6E29-4E37-9E5C-9F84D9B1EFCB
Q36908601,Agustín Nze Nfumu,Q112128225,Minister of Information,2012-05-22,2013-09-04,Q36908601-291CB4D8-CC6F-4924-ACB6-55F964D7005A
Q36908601,Agustín Nze Nfumu,Q112128225,Minister of Information,2003-02-11,2004-06-15,Q36908601-EF77E421-B06E-40BE-9CB5-F366A078FE43
Q42907516,Evangelina Oyo Ebule,Q111021203,Minister of Justice,2013-09-04,2018-02-06,Q42907516-4C97C9F9-7873-4D0B-98DD-8E339974DFD4
Q42907516,Evangelina Oyo Ebule,Q111021204,Minister of Labor,2006-08-22,2008-07-15,Q42907516-5A5A936D-4194-4A20-895C-9CF490D9AA9F
Q45042829,Gabriel Mbega,Q112162677,Minister of Mines,2012-05-22,2016-06-24,Q45042829-0BE36784-A296-44B5-B70F-30FDACBF6FE3
Q45042829,Gabriel Mbega,Q112162677,Minister of Mines,2016-06-24,2019-12-31,Q45042829-44F01153-E9A1-4F57-937C-27EF7BD10C2C
Q45320454,Filiberto Ntutumu Nguema,Q111021199,Minister of National Education,2010-01-12,2011-01-28,Q45320454-BFB1101D-1832-4714-B6F6-72D4B53DEAF1
Q477201,Teodoro Nguema,Q112162676,Minister of Infrastructure and Forests,2003-02-11,2004-06-15,Q477201-03847B2A-A5C0-4C92-B6E1-974DAF2B139C
Q477201,Teodoro Nguema,Q112162701,Vice-Prime Minister,2016-06-24,2019-12-31,Q477201-166E853F-0D13-45B9-BF6B-1F4160315C90
Q477201,Teodoro Nguema,Q111021197,Minister of Agriculture,2004-06-15,2012-05-22,Q477201-62923D0E-4CEE-494A-B7E1-57162F93B2C0
Q477201,Teodoro Nguema,Q7925046,Vice President of Equatorial Guinea,2012-05-21,,Q477201-994A9014-A18F-475E-8C72-3746518FC022
Q477201,Teodoro Nguema,Q112162675,Minister of Forests,1999-07-22,2003-02-11,Q477201-B1DCFCFC-3B04-41FD-BA4D-132710661899
Q5057941,Celestino Bonifacio Bacale,Q112162697,Minister of Transport,2016-06-24,2018-02-06,Q5057941-255A7E10-7F06-4E1E-8BD2-C6F7F89F8EDE
Q5057941,Celestino Bonifacio Bacale,Q111021198,Minister of Commerce,2012-05-22,2013-09-04,Q5057941-96A2F301-6FC2-41FA-ABF8-2107EF266BF6
Q5057941,Celestino Bonifacio Bacale,Q112162697,Minister of Transport,2015-04-15,2016-06-24,Q5057941-D081CEAB-C5BD-4AD1-8C01-738106B63601
Q5057941,Celestino Bonifacio Bacale,Q111021204,Minister of Labor,2018-02-06,2019-12-31,Q5057941-EB3A42F0-4D3D-4BDB-B9F5-8E5289057DE6
Q5057941,Celestino Bonifacio Bacale,Q112162696,Minister of Trade,2013-09-04,2015-04-15,Q5057941-F2C814C1-CA76-43D3-B3DC-EE38A1BA2AD2
Q5438322,Fausto Abeso Fuma,Q112162668,Minister of Civil Aviation,2016-06-24,2018-02-06,Q5438322-5822C521-5E7A-49FE-B97A-85D7FE05230B
Q55098190,Simeón Oyono Esono,Q111021196,Minister of Foreign Affairs,2018-02-06,2019-12-31,Q55098190-4D604F86-186B-4902-83E2-9157E84C9520
Q55104853,Marcelino Nguema Onguene,Q111020058,Health Minister of Equatorial Guinea,2001-03-09,2003-02-11,Q55104853-272230E4-ACC0-4190-BC7A-3E1C89EEFAEB
Q57385,Teodoro Obiang,Q111021195,Minister of National Defense,1993-12-22,2004-06-15,Q57385-61C26C52-D7BE-4036-B083-260B2DC35D36
Q57385,Teodoro Obiang,Q19058522,President of Equatorial Guinea,1979-08-03,,Q57385-89f0f77d-4aba-f646-254d-58d700a57d57
Q57898,Ignacio Milam Tang,Q112162701,Vice-Prime Minister,2001-02-26,2001-03-09,Q57898-4002AFA6-84C4-4916-87F0-37B5A9F8FB53
Q57898,Ignacio Milam Tang,Q112162701,Vice-Prime Minister,2001-03-09,2003-02-11,Q57898-5EA57116-FA4A-4A31-9441-C8CDFB30C037
Q57898,Ignacio Milam Tang,Q7925046,Vice President of Equatorial Guinea,2012-05-21,2016-06-22,Q57898-9261F20D-0C1B-4921-9771-011ED5C945E9
Q57898,Ignacio Milam Tang,Q112162700,Minister without Portfolio,2003-02-11,2004-06-15,Q57898-B8A84A2B-D6E7-4190-9ABE-647667E31590
Q57898,Ignacio Milam Tang,Q2351213,Prime Minister of Equatorial Guinea,2008-07-08,2012-05-21,Q57898-BE0CA2C2-4124-437C-9235-EF2576C39219
Q58151,Pastor Micha Ondó Bile,Q111021196,Minister of Foreign Affairs,2003-02-11,2012-05-22,Q58151-1BA541E4-23C5-4246-ADED-0FA6F705DC22
Q58151,Pastor Micha Ondó Bile,Q112162696,Minister of Trade,2018-02-06,2019-12-31,Q58151-C983511A-379C-404D-AFD2-EDEE55DF51C5
Q602837,Ricardo Mangue Obama Nfubea,Q111021204,Minister of Labor,1999-07-22,2003-02-11,Q602837-553E7F85-DAD3-469D-A20E-10E7BCA6D52E
Q602837,Ricardo Mangue Obama Nfubea,Q111021205,Minister of Public Works,2003-02-11,2004-06-15,Q602837-5644E5AE-80F7-407E-A27C-625E45B02ED2
Q602837,Ricardo Mangue Obama Nfubea,Q2351213,Prime Minister of Equatorial Guinea,2006-08-14,2008-07-08,Q602837-7475A633-57C6-4F5F-ABA5-89BA5A33CE9D
Q602837,Ricardo Mangue Obama Nfubea,Q112162701,Vice-Prime Minister,2004-06-15,2006-08-22,Q602837-A3641D67-DC5A-404A-91A0-5600019B44E8
Q63731266,Antonio Mba Nguema,Q111021195,Minister of National Defense,2004-06-15,2016-06-24,Q63731266-3FBFDEB6-61F5-45B4-A495-61D7051B7524
Q63731266,Antonio Mba Nguema,Q112162684,Minister of Presidential Security,2016-06-24,2019-12-31,Q63731266-E2741CE2-7E86-4781-9137-FA1E2E1CBBE0
